{
  "synthetic": {
    "synthetic_opposite": {
      "name": "synthetic_opposite",
      "n_nodes": 1000,
      "n_edges": 5000,
      "n_diff_class_edges": 2514,
      "homophily": 0.4972,
      "is_nonnegative_features": false,
      "feature_min": -2.156912598772179,
      "feature_max": 2.1826993032420057,
      "cosine_stats": {
        "mean": -0.9186373787469647,
        "std": 0.016171040271694245,
        "min": -0.964960609188944,
        "max": -0.8611918348987931,
        "frac_below_-0.5": 1.0,
        "frac_below_-0.3": 1.0,
        "frac_below_-0.1": 1.0,
        "frac_below_0": 1.0,
        "n_below_-0.5": 2514,
        "n_below_-0.1": 2514
      },
      "noon_satisfied": false
    },
    "synthetic_contrastive": {
      "name": "synthetic_contrastive",
      "n_nodes": 1000,
      "n_edges": 5000,
      "n_diff_class_edges": 2514,
      "homophily": 0.4972,
      "is_nonnegative_features": false,
      "feature_min": -0.9683989233950807,
      "feature_max": 1.0243329174616014,
      "cosine_stats": {
        "mean": -0.33694314181758045,
        "std": 0.11705897795010056,
        "min": -0.703005191105585,
        "max": 0.05331660657993158,
        "frac_below_-0.5": 0.07995226730310262,
        "frac_below_-0.3": 0.6412092283214001,
        "frac_below_-0.1": 0.9741447891805887,
        "frac_below_0": 0.9960222752585521,
        "n_below_-0.5": 201,
        "n_below_-0.1": 2449
      },
      "noon_satisfied": false
    },
    "synthetic_orthogonal": {
      "name": "synthetic_orthogonal",
      "n_nodes": 1000,
      "n_edges": 5000,
      "n_diff_class_edges": 2514,
      "homophily": 0.4972,
      "is_nonnegative_features": true,
      "feature_min": 0.0,
      "feature_max": 0.999984193449835,
      "cosine_stats": {
        "mean": 0.0,
        "std": 0.0,
        "min": 0.0,
        "max": 0.0,
        "frac_below_-0.5": 0.0,
        "frac_below_-0.3": 0.0,
        "frac_below_-0.1": 0.0,
        "frac_below_0": 0.0,
        "n_below_-0.5": 0,
        "n_below_-0.1": 0
      },
      "noon_satisfied": true
    },
    "synthetic_mixed": {
      "name": "synthetic_mixed",
      "n_nodes": 1000,
      "n_edges": 5000,
      "n_diff_class_edges": 2514,
      "homophily": 0.4972,
      "is_nonnegative_features": false,
      "feature_min": -2.492609738551745,
      "feature_max": 2.4602228282606795,
      "cosine_stats": {
        "mean": -0.2368406473873518,
        "std": 0.2858765490763737,
        "min": -0.7449567169008858,
        "max": 0.4087193625582218,
        "frac_below_-0.5": 0.25974542561654734,
        "frac_below_-0.3": 0.4797136038186158,
        "frac_below_-0.1": 0.5946698488464598,
        "frac_below_0": 0.7215592680986476,
        "n_below_-0.5": 653,
        "n_below_-0.1": 1495
      },
      "noon_satisfied": false
    }
  },
  "real_world": {
    "Cora": {
      "name": "Cora",
      "n_nodes": 2708,
      "n_edges": 10556,
      "n_diff_class_edges": 2006,
      "homophily": 0.8099658961727927,
      "is_nonnegative_features": true,
      "feature_min": 0.0,
      "feature_max": 1.0,
      "cosine_stats": {
        "mean": 0.13293272256851196,
        "std": 0.09717541188001633,
        "min": 0.0,
        "max": 0.7378648519515991,
        "frac_below_-0.5": 0.0,
        "frac_below_-0.3": 0.0,
        "frac_below_-0.1": 0.0,
        "frac_below_0": 0.0,
        "n_below_-0.5": 0,
        "n_below_-0.1": 0
      },
      "noon_satisfied": true,
      "domain": "citation"
    },
    "CiteSeer": {
      "name": "CiteSeer",
      "n_nodes": 3327,
      "n_edges": 9104,
      "n_diff_class_edges": 2408,
      "homophily": 0.7355008787346221,
      "is_nonnegative_features": true,
      "feature_min": 0.0,
      "feature_max": 1.0,
      "cosine_stats": {
        "mean": 0.1550513058900833,
        "std": 0.11229493468999863,
        "min": 0.0,
        "max": 0.8451542258262634,
        "frac_below_-0.5": 0.0,
        "frac_below_-0.3": 0.0,
        "frac_below_-0.1": 0.0,
        "frac_below_0": 0.0,
        "n_below_-0.5": 0,
        "n_below_-0.1": 0
      },
      "noon_satisfied": true,
      "domain": "citation"
    },
    "PubMed": {
      "name": "PubMed",
      "n_nodes": 19717,
      "n_edges": 88648,
      "n_diff_class_edges": 17518,
      "homophily": 0.8023869686851367,
      "is_nonnegative_features": true,
      "feature_min": 0.0,
      "feature_max": 1.2633097171783447,
      "cosine_stats": {
        "mean": 0.2555268704891205,
        "std": 0.16853617131710052,
        "min": 0.0,
        "max": 0.9299795031547546,
        "frac_below_-0.5": 0.0,
        "frac_below_-0.3": 0.0,
        "frac_below_-0.1": 0.0,
        "frac_below_0": 0.0,
        "n_below_-0.5": 0,
        "n_below_-0.1": 0
      },
      "noon_satisfied": true,
      "domain": "citation"
    },
    "Texas": {
      "name": "Texas",
      "n_nodes": 183,
      "n_edges": 325,
      "n_diff_class_edges": 290,
      "homophily": 0.1076923076923077,
      "is_nonnegative_features": true,
      "feature_min": 0.0,
      "feature_max": 1.0,
      "cosine_stats": {
        "mean": 0.3509680926799774,
        "std": 0.07993148267269135,
        "min": 0.09086216986179352,
        "max": 0.5559385418891907,
        "frac_below_-0.5": 0.0,
        "frac_below_-0.3": 0.0,
        "frac_below_-0.1": 0.0,
        "frac_below_0": 0.0,
        "n_below_-0.5": 0,
        "n_below_-0.1": 0
      },
      "noon_satisfied": true,
      "domain": "webpage"
    },
    "Wisconsin": {
      "name": "Wisconsin",
      "n_nodes": 251,
      "n_edges": 515,
      "n_diff_class_edges": 414,
      "homophily": 0.19611650485436893,
      "is_nonnegative_features": true,
      "feature_min": 0.0,
      "feature_max": 1.0,
      "cosine_stats": {
        "mean": 0.3355630934238434,
        "std": 0.07572682946920395,
        "min": 0.07254762202501297,
        "max": 0.5937527418136597,
        "frac_below_-0.5": 0.0,
        "frac_below_-0.3": 0.0,
        "frac_below_-0.1": 0.0,
        "frac_below_0": 0.0,
        "n_below_-0.5": 0,
        "n_below_-0.1": 0
      },
      "noon_satisfied": true,
      "domain": "webpage"
    },
    "Cornell": {
      "name": "Cornell",
      "n_nodes": 183,
      "n_edges": 298,
      "n_diff_class_edges": 259,
      "homophily": 0.13087248322147652,
      "is_nonnegative_features": true,
      "feature_min": 0.0,
      "feature_max": 1.0,
      "cosine_stats": {
        "mean": 0.3305045962333679,
        "std": 0.08819673210382462,
        "min": 0.06757373362779617,
        "max": 0.6136508584022522,
        "frac_below_-0.5": 0.0,
        "frac_below_-0.3": 0.0,
        "frac_below_-0.1": 0.0,
        "frac_below_0": 0.0,
        "n_below_-0.5": 0,
        "n_below_-0.1": 0
      },
      "noon_satisfied": true,
      "domain": "webpage"
    },
    "chameleon": {
      "name": "chameleon",
      "n_nodes": 2277,
      "n_edges": 36101,
      "n_diff_class_edges": 27617,
      "homophily": 0.23500734051688318,
      "is_nonnegative_features": true,
      "feature_min": 0.0,
      "feature_max": 1.0,
      "cosine_stats": {
        "mean": 0.013827286660671234,
        "std": 0.04061713069677353,
        "min": 0.0,
        "max": 1.0,
        "frac_below_-0.5": 0.0,
        "frac_below_-0.3": 0.0,
        "frac_below_-0.1": 0.0,
        "frac_below_0": 0.0,
        "n_below_-0.5": 0,
        "n_below_-0.1": 0
      },
      "noon_satisfied": true,
      "domain": "wikipedia"
    },
    "squirrel": {
      "name": "squirrel",
      "n_nodes": 5201,
      "n_edges": 217073,
      "n_diff_class_edges": 168461,
      "homophily": 0.2239430974833351,
      "is_nonnegative_features": true,
      "feature_min": 0.0,
      "feature_max": 1.0,
      "cosine_stats": {
        "mean": 0.014665443450212479,
        "std": 0.04219155013561249,
        "min": 0.0,
        "max": 0.7071067690849304,
        "frac_below_-0.5": 0.0,
        "frac_below_-0.3": 0.0,
        "frac_below_-0.1": 0.0,