{
  "fraud": {
    "Elliptic": {
      "rho_fs": 0.0014526140876114368,
      "delta_agg": 3.0364999771118164,
      "homophily": 0.7634479999542236,
      "nodes": 4000,
      "edges": 51346,
      "features": 166
    },
    "Inj-Amazon": {
      "rho_fs": 0.13782352209091187,
      "delta_agg": 3.5271594524383545,
      "homophily": 0.9069900512695312,
      "nodes": 13752,
      "edges": 511042,
      "features": 767
    },
    "Inj-Flickr": {
      "rho_fs": 0.006044924259185791,
      "delta_agg": 0.970330536365509,
      "homophily": 0.907258927822113,
      "nodes": 89250,
      "edges": 933804,
      "features": 500
    },
    "Inj-Cora": {
      "rho_fs": 0.10283274948596954,
      "delta_agg": 0.3810930550098419,
      "homophily": 0.906690776348114,
      "nodes": 2708,
      "edges": 11060,
      "features": 1433
    }
  },
  "hetero": {
    "Cornell": {
      "rho_fs": 0.05787450075149536,
      "delta_agg": 2.6979167461395264,
      "homophily": 0.13087248802185059,
      "nodes": 183,
      "edges": 298,
      "features": 1703
    },
    "Texas": {
      "rho_fs": 0.05338743329048157,
      "delta_agg": 2.6363637447357178,
      "homophily": 0.10769230872392654,
      "nodes": 183,
      "edges": 325,
      "features": 1703
    },
    "Wisconsin": {
      "rho_fs": 0.06323027610778809,
      "delta_agg": 2.4352941513061523,
      "homophily": 0.19611650705337524,
      "nodes": 251,
      "edges": 515,
      "features": 1703
    },
    "Chameleon": {
      "rho_fs": 0.009225326124578714,
      "delta_agg": 12.128678321838379,
      "homophily": 0.23500734567642212,
      "nodes": 2277,
      "edges": 36101,
      "features": 2325
    },
    "Squirrel": {
      "rho_fs": -0.0012309737503528595,
      "delta_agg": 32.39011764526367,
      "homophily": 0.2239430993795395,
      "nodes": 5201,
      "edges": 217073,
      "features": 2089
    },
    "Actor": {
      "rho_fs": -0.006397262215614319,
      "delta_agg": 3.3676047325134277,
      "homophily": 0.21876144409179688,
      "nodes": 7600,
      "edges": 30019,
      "features": 932
    }
  },
  "homo": {
    "Cora": {
      "rho_fs": 0.11274222657084465,
      "delta_agg": 0.7407680749893188,
      "homophily": 0.8099659085273743,
      "nodes": 2708,
      "edges": 10556,
      "features": 1433
    },
    "CiteSeer": {
      "rho_fs": 0.14683380722999573,
      "delta_agg": 0.734370231628418,
      "homophily": 0.7355008721351624,
      "nodes": 3327,
      "edges": 9104,
      "features": 3703
    },
    "PubMed": {
      "rho_fs": 0.20009422302246094,
      "delta_agg": 0.8884719014167786,
      "homophily": 0.8023869395256042,
      "nodes": 19717,
      "edges": 88648,
      "features": 500
    }
  },
  "social": {
    "Flickr": {
      "rho_fs": 0.006264001131057739,
      "delta_agg": 6.860347270965576,
      "homophily": 0.3194977343082428,
      "nodes": 89250,
      "edges": 899756,
      "features": 500
    }
  },
  "synthetic": {
    "cSBM-HighH": {
      "rho_fs": 0.2913578748703003,
      "delta_agg": 0.9440000057220459,
      "homophily": 0.9050779342651367,
      "nodes": 2000,
      "edges": 19890,
      "features": 100
    },
    "cSBM-MidH": {
      "rho_fs": 0.0020032525062561035,
      "delta_agg": 4.923999786376953,
      "homophily": 0.5061678886413574,
      "nodes": 2000,
      "edges": 19942,
      "features": 100
    },
    "cSBM-LowH": {
      "rho_fs": -0.2835862934589386,
      "delta_agg": 8.918999671936035,
      "homophily": 0.10424827039241791,
      "nodes": 2000,
      "edges": 19914,
      "features": 100
    },
    "cSBM-NoisyF": {
      "rho_fs": 0.0019153356552124023,
      "delta_agg": 4.923999786376953,
      "homophily": 0.5061678886413574,
      "nodes": 2000,
      "edges": 19942,
      "features": 100
    },
    "cSBM-CleanF": {
      "rho_fs": 0.0019843578338623047,
      "delta_agg": 4.923999786376953,
      "homophily": 0.5061678886413574,
      "nodes": 2000,
      "edges": 19942,
      "features": 100
    }
  }
}