{
  "real": {
    "Elliptic": {
      "rho_fs": 0.0014526140876114368,
      "delta_agg": 3.0364999771118164,
      "homophily": 0.7634479999542236,
      "nodes": 4000,
      "edges": 51346,
      "features": 166
    },
    "Cornell": {
      "rho_fs": 0.05787450075149536,
      "delta_agg": 2.6979167461395264,
      "homophily": 0.13087248802185059,
      "nodes": 183,
      "edges": 298,
      "features": 1703
    },
    "Texas": {
      "rho_fs": 0.05338743329048157,
      "delta_agg": 2.6363637447357178,
      "homophily": 0.10769230872392654,
      "nodes": 183,
      "edges": 325,
      "features": 1703
    },
    "Wisconsin": {
      "rho_fs": 0.06323027610778809,
      "delta_agg": 2.4352941513061523,
      "homophily": 0.19611650705337524,
      "nodes": 251,
      "edges": 515,
      "features": 1703
    },
    "Chameleon": {
      "rho_fs": 0.009225326124578714,
      "delta_agg": 12.128678321838379,
      "homophily": 0.23500734567642212,
      "nodes": 2277,
      "edges": 36101,
      "features": 2325
    },
    "Squirrel": {
      "rho_fs": -0.0012309737503528595,
      "delta_agg": 32.39011764526367,
      "homophily": 0.2239430993795395,
      "nodes": 5201,
      "edges": 217073,
      "features": 2089
    },
    "Actor": {
      "rho_fs": -0.006397262215614319,
      "delta_agg": 3.3676047325134277,
      "homophily": 0.21876144409179688,
      "nodes": 7600,
      "edges": 30019,
      "features": 932
    }
  },
  "synthetic": {
    "cSBM-HighH": {
      "rho_fs": 0.2913578748703003,
      "delta_agg": 0.9440000057220459,
      "homophily": 0.9050779342651367,
      "nodes": 2000,
      "edges": 19890,
      "features": 100
    },
    "cSBM-MidH": {
      "rho_fs": 0.0020032525062561035,
      "delta_agg": 4.923999786376953,
      "homophily": 0.5061678886413574,
      "nodes": 2000,
      "edges": 19942,
      "features": 100
    },
    "cSBM-LowH": {
      "rho_fs": -0.2835862934589386,
      "delta_agg": 8.918999671936035,
      "homophily": 0.10424827039241791,
      "nodes": 2000,
      "edges": 19914,
      "features": 100
    },
    "cSBM-NoisyF": {
      "rho_fs": 0.0019153356552124023,
      "delta_agg": 4.923999786376953,
      "homophily": 0.5061678886413574,
      "nodes": 2000,
      "edges": 19942,
      "features": 100
    },
    "cSBM-CleanF": {
      "rho_fs": 0.0019843578338623047,
      "delta_agg": 4.923999786376953,
      "homophily": 0.5061678886413574,
      "nodes": 2000,
      "edges": 19942,
      "features": 100
    }
  }
}