{
  "experiment": "enhanced_pattern_direction",
  "n_datasets": 15,
  "results": [
    {
      "global_match_rate": 0.04371584699453552,
      "weighted_match_rate": 0.04378847673770513,
      "uniform_baseline": 0.2,
      "corrected_baseline": 0.5519125683060109,
      "expected_baseline": 0.3737047985905819,
      "direction_uniform": -0.1562841530054645,
      "direction_corrected": -0.5081967213114753,
      "direction_expected": -0.3299889515960464,
      "edge_homophily": 0.08710801393728224,
      "n_nodes": 183,
      "n_nodes_with_neighbors": 183,
      "isolated_nodes": 0,
      "n_classes": 5,
      "class_priors": [
        0.18032786885245902,
        0.00546448087431694,
        0.09836065573770492,
        0.5519125683060109,
        0.16393442622950818
      ],
      "ci_lower": 0.01639344262295082,
      "ci_upper": 0.07663934426229496,
      "ci_width": 0.06024590163934414,
      "dataset": "Texas",
      "source": "WebKB"
    },
    {
      "global_match_rate": 0.2151394422310757,
      "weighted_match_rate": 0.1749688194028623,
      "uniform_baseline": 0.2,
      "corrected_baseline": 0.4701195219123506,
      "expected_baseline": 0.3236297836542277,
      "direction_uniform": 0.01513944223107569,
      "direction_corrected": -0.2549800796812749,
      "direction_expected": -0.10849034142315198,
      "edge_homophily": 0.19213973799126638,
      "n_nodes": 251,
      "n_nodes_with_neighbors": 251,
      "isolated_nodes": 0,
      "n_classes": 5,
      "class_priors": [
        0.0398406374501992,
        0.2788844621513944,
        0.4701195219123506,
        0.12749003984063745,
        0.08366533864541832
      ],
      "ci_lower": 0.16733067729083664,
      "ci_upper": 0.26693227091633465,
      "ci_width": 0.099601593625498,
      "dataset": "Wisconsin",
      "source": "WebKB"
    },
    {
      "global_match_rate": 0.10382513661202186,
      "weighted_match_rate": 0.09226997358567339,
      "uniform_baseline": 0.2,
      "corrected_baseline": 0.44808743169398907,
      "expected_baseline": 0.2870494789333811,
      "direction_uniform": -0.09617486338797815,
      "direction_corrected": -0.3442622950819672,
      "direction_expected": -0.18322434232135926,
      "edge_homophily": 0.12746858168761221,
      "n_nodes": 183,
      "n_nodes_with_neighbors": 183,
      "isolated_nodes": 0,
      "n_classes": 5,
      "class_priors": [
        0.20765027322404372,
        0.08743169398907104,
        0.16393442622950818,
        0.44808743169398907,
        0.09289617486338798
      ],
      "ci_lower": 0.060109289617486336,
      "ci_upper": 0.15300546448087432,
      "ci_width": 0.09289617486338798,
      "dataset": "Cornell",
      "source": "WebKB"
    },
    {
      "global_match_rate": 0.23457027494712554,
      "weighted_match_rate": 0.22667470148626095,
      "uniform_baseline": 0.2,
      "corrected_baseline": 0.20034608729090558,
      "expected_baseline": 0.2000001774465377,
      "direction_uniform": 0.03457027494712553,
      "direction_corrected": 0.034224187656219957,
      "direction_expected": 0.03457009750058784,
      "edge_homophily": 0.2224086925406833,
      "n_nodes": 5201,
      "n_nodes_with_neighbors": 5201,
      "isolated_nodes": 0,
      "n_classes": 5,
      "class_priors": [
        0.20034608729090558,
        0.19996154585656606,
        0.19976927513939627,
        0.19996154585656606,
        0.19996154585656606
      ],
      "ci_lower": 0.22322630263410884,
      "ci_upper": 0.24533743510863296,
      "ci_width": 0.02211113247452412,
      "dataset": "Squirrel",
      "source": "Wikipedia"
    },
    {
      "global_match_rate": 0.25296442687747034,
      "weighted_match_rate": 0.25186769782205765,
      "uniform_baseline": 0.2,
      "corrected_baseline": 0.22880983750548967,
      "expected_baseline": 0.2017376414466407,
      "direction_uniform": 0.05296442687747033,
      "direction_corrected": 0.024154589371980673,
      "direction_expected": 0.05122678543082965,
      "edge_homophily": 0.23053892215568864,
      "n_nodes": 2277,
      "n_nodes_with_neighbors": 2277,
      "isolated_nodes": 0,
      "n_classes": 5,
      "class_priors": [
        0.2002635046113307,
        0.20202020202020202,
        0.19894598155467721,
        0.22880983750548967,
        0.16996047430830039
      ],
      "ci_lower": 0.23583662714097497,
      "ci_upper": 0.27229907773386036,
      "ci_width": 0.03646245059288539,
      "dataset": "Chameleon",
      "source": "Wikipedia"
    },
    {
      "global_match_rate": 0.21592105263157896,
      "weighted_match_rate": 0.22215369310818892,
      "uniform_baseline": 0.2,
      "corrected_baseline": 0.25855263157894737,
      "expected_baseline": 0.21342673130193907,
      "direction_uniform": 0.015921052631578947,
      "direction_corrected": -0.04263157894736841,
      "direction_expected": 0.0024943213296398925,
      "edge_homophily": 0.21810114021456253,
      "n_nodes": 7600,
      "n_nodes_with_neighbors": 7600,
      "isolated_nodes": 0,
      "n_classes": 5,
      "class_priors": [
        0.11223684210526316,
        0.17592105263157895,
        0.21447368421052632,
        0.2388157894736842,
        0.25855263157894737
      ],
      "ci_lower": 0.20671052631578948,
      "ci_upper": 0.22552631578947369,
      "ci_width": 0.018815789473684202,
      "dataset": "Actor",
      "source": "Actor"
    },
    {
      "global_match_rate": 0.8633677991137371,
      "weighted_match_rate": 0.8979415798510313,
      "uniform_baseline": 0.14285714285714285,
      "corrected_baseline": 0.3020679468242245,
      "expected_baseline": 0.17956778864091077,
      "direction_uniform": 0.7205106562565942,
      "direction_corrected": 0.5612998522895125,
      "direction_expected": 0.6838000104728263,
      "edge_homophily": 0.8099658961727927,
      "n_nodes": 2708,
      "n_nodes_with_neighbors": 2708,
      "isolated_nodes": 0,
      "n_classes": 7,
      "class_priors": [
        0.129615952732644,
        0.08013293943870015,
        0.15435745937961595,
        0.3020679468242245,
        0.15731166912850814,
        0.11004431314623338,
        0.06646971935007386
      ],
      "ci_lower": 0.8504338995568685,
      "ci_upper": 0.8774002954209749,
      "ci_width": 0.02696639586410632,
      "dataset": "Cora",
      "source": "Planetoid"
    },
    {
      "global_match_rate": 0.7328453796889296,
      "weighted_match_rate": 0.758864398738585,
      "uniform_baseline": 0.16666666666666666,
      "corrected_baseline": 0.21070033062819357,
      "expected_baseline": 0.17785830950763165,
      "direction_uniform": 0.566178713022263,
      "direction_corrected": 0.522145049060736,
      "direction_expected": 0.554987070181298,
      "edge_homophily": 0.7355008787346221,
      "n_nodes": 3327,
      "n_nodes_with_neighbors": 3279,
      "isolated_nodes": 48,
      "n_classes": 6,
      "class_priors": [
        0.0793507664562669,
        0.17733694018635407,
        0.2007814848211602,
        0.21070033062819357,
        0.17914036669672379,
        0.15269011121130147
      ],
      "ci_lower": 0.7182067703568161,
      "ci_upper": 0.7477965843244891,
      "ci_width": 0.029589813967673018,
      "dataset": "CiteSeer",
      "source": "Planetoid"
    },
    {
      "global_match_rate": 0.8188872546533448,
      "weighted_match_rate": 0.8319983829139763,
      "uniform_baseline": 0.3333333333333333,
      "corrected_baseline": 0.39940153167317544,
      "expected_baseline": 0.35688425567779924,
      "direction_uniform": 0.48555392132001146,
      "direction_corrected": 0.41948572298016934,
      "direction_expected": 0.46200299897554553,
      "edge_homophily": 0.8023869686851367,
      "n_nodes": 19717,
      "n_nodes_with_neighbors": 19717,
      "isolated_nodes": 0,
      "n_classes": 3,
      "class_priors": [
        0.20809453770857636,
        0.39250393061824823,
        0.39940153167317544
      ],
      "ci_lower": 0.8134604655880712,