{
  "experiment": "unified_spi_validation",
  "n_runs": 10,
  "hidden_dim": 64,
  "success_margin": 0.01,
  "prediction_rule": "h > 0.5 -> GNN, else MLP",
  "total_datasets": 12,
  "overall_accuracy": 0.9166666666666666,
  "high_h_count": 6,
  "high_h_accuracy": 1.0,
  "mid_h_count": 0,
  "mid_h_accuracy": null,
  "low_h_count": 6,
  "low_h_accuracy": 0.8333333333333334,
  "correlation_h_gcn_adv": {
    "r": 0.8494870365291467,
    "p": 0.00046983491918629227
  },
  "correlation_h_best_adv": {
    "r": 0.6373970997085457,
    "p": 0.025779449960319684
  },
  "results": [
    {
      "dataset": "Cora",
      "n_nodes": 2708,
      "n_edges": 10556,
      "n_classes": 7,
      "n_features": 1433,
      "homophily": 0.8099659085273743,
      "spi": 0.6199318170547485,
      "mlp_mean": 0.5656000256538392,
      "mlp_std": 0.010650827927273702,
      "mlp_ci_low": 0.5575687434251696,
      "mlp_ci_high": 0.5736313078825087,
      "gcn_mean": 0.8045000374317169,
      "gcn_std": 0.005748908391275242,
      "gat_mean": 0.7987000465393066,
      "gat_std": 0.013550270284803666,
      "graphsage_mean": 0.7942000329494476,
      "graphsage_std": 0.007691551495575093,
      "best_gnn": "GCN",
      "best_gnn_mean": 0.8045000374317169,
      "gcn_advantage": 0.23890001177787779,
      "best_gnn_advantage": 0.23890001177787779,
      "actual_winner": "GNN",
      "spi_prediction": "GNN",
      "prediction_correct": true
    },
    {
      "dataset": "CiteSeer",
      "n_nodes": 3327,
      "n_edges": 9104,
      "n_classes": 6,
      "n_features": 3703,
      "homophily": 0.7355008721351624,
      "spi": 0.4710017442703247,
      "mlp_mean": 0.5368000268936157,
      "mlp_std": 0.010628260731025888,
      "mlp_ci_low": 0.5287857615131587,
      "mlp_ci_high": 0.5448142922740727,
      "gcn_mean": 0.6884000420570373,
      "gcn_std": 0.005817220240546058,
      "gat_mean": 0.67330002784729,
      "gat_std": 0.014163684691054812,
      "graphsage_mean": 0.6811000406742096,
      "graphsage_std": 0.014767869773790816,
      "best_gnn": "GCN",
      "best_gnn_mean": 0.6884000420570373,
      "gcn_advantage": 0.1516000151634216,
      "best_gnn_advantage": 0.1516000151634216,
      "actual_winner": "GNN",
      "spi_prediction": "GNN",
      "prediction_correct": true
    },
    {
      "dataset": "PubMed",
      "n_nodes": 19717,
      "n_edges": 88648,
      "n_classes": 3,
      "n_features": 500,
      "homophily": 0.8023869395256042,
      "spi": 0.6047738790512085,
      "mlp_mean": 0.7213000357151031,
      "mlp_std": 0.007694807241840349,
      "mlp_ci_low": 0.7154977479421329,
      "mlp_ci_high": 0.7271023234880734,
      "gcn_mean": 0.7862000405788422,
      "gcn_std": 0.003994990196594058,
      "gat_mean": 0.7705000400543213,
      "gat_std": 0.005536244532962998,
      "graphsage_mean": 0.7687000334262848,
      "graphsage_std": 0.004337058168533196,
      "best_gnn": "GCN",
      "best_gnn_mean": 0.7862000405788422,
      "gcn_advantage": 0.06490000486373904,
      "best_gnn_advantage": 0.06490000486373904,
      "actual_winner": "GNN",
      "spi_prediction": "GNN",
      "prediction_correct": true
    },
    {
      "dataset": "Cornell",
      "n_nodes": 183,
      "n_edges": 298,
      "n_classes": 5,
      "n_features": 1703,
      "homophily": 0.13087248802185059,
      "spi": 0.7382550239562988,
      "mlp_mean": 0.7513513743877411,
      "mlp_std": 0.044900670751073506,
      "mlp_ci_low": 0.717493916402243,
      "mlp_ci_high": 0.7852088323732392,
      "gcn_mean": 0.4432432472705841,
      "gcn_std": 0.0960885896999491,
      "gat_mean": 0.4864864945411682,
      "gat_std": 0.08799362365627501,
      "graphsage_mean": 0.7432432651519776,
      "graphsage_std": 0.06073569557245498,
      "best_gnn": "GraphSAGE",
      "best_gnn_mean": 0.7432432651519776,
      "gcn_advantage": -0.308108127117157,
      "best_gnn_advantage": -0.00810810923576355,
      "actual_winner": "Tie",
      "spi_prediction": "MLP",
      "prediction_correct": true
    },
    {
      "dataset": "Texas",
      "n_nodes": 183,
      "n_edges": 325,
      "n_classes": 5,
      "n_features": 1703,
      "homophily": 0.10769230872392654,
      "spi": 0.7846153825521469,
      "mlp_mean": 0.7783784031867981,
      "mlp_std": 0.0844351316726761,
      "mlp_ci_low": 0.7147098905501736,
      "mlp_ci_high": 0.8420469158234225,
      "gcn_mean": 0.5216216385364533,
      "gcn_std": 0.07357112313734762,
      "gat_mean": 0.5351351439952851,
      "gat_std": 0.05896601179965191,
      "graphsage_mean": 0.7729729831218719,
      "graphsage_std": 0.08478048054527414,
      "best_gnn": "GraphSAGE",
      "best_gnn_mean": 0.7729729831218719,
      "gcn_advantage": -0.2567567646503448,
      "best_gnn_advantage": -0.00540542006492617,
      "actual_winner": "Tie",
      "spi_prediction": "MLP",
      "prediction_correct": true
    },
    {
      "dataset": "Wisconsin",
      "n_nodes": 251,
      "n_edges": 515,
      "n_classes": 5,
      "n_features": 1703,
      "homophily": 0.19611650705337524,
      "spi": 0.6077669858932495,
      "mlp_mean": 0.8490196228027344,
      "mlp_std": 0.05264989585209636,
      "mlp_ci_low": 0.8093188431276204,
      "mlp_ci_high": 0.8887204024778483,
      "gcn_mean": 0.4882353156805038,
      "gcn_std": 0.04509804520918099,
      "gat_mean": 0.5117647260427475,
      "gat_std": 0.0664645215846986,
      "graphsage_mean": 0.7960784435272217,
      "graphsage_std": 0.052759306843824426,
      "best_gnn": "GraphSAGE",
      "best_gnn_mean": 0.7960784435272217,
      "gcn_advantage": -0.36078430712223053,
      "best_gnn_advantage": -0.05294117927551267,
      "actual_winner": "MLP",
      "spi_prediction": "MLP",
      "prediction_correct": true
    },
    {
      "dataset": "Actor",
      "n_nodes": 7600,
      "n_edges": 30019,
      "n_classes": 5,
      "n_features": 932,
      "homophily": 0.21876144409179688,
      "spi": 0.5624771118164062,
      "mlp_mean": 0.3599342226982117,
      "mlp_std": 0.010274330061737358,
      "mlp_ci_low": 0.3521868395839829,
      "mlp_ci_high": 0.36768160581244047,
      "gcn_mean": 0.29276317059993745,
      "gcn_std": 0.0030576168989923974,
      "gat_mean": 0.28953948318958284,
      "gat_std": 0.00970233390425739,
      "graphsage_mean": 0.34736843407154083,
      "graphsage_std": 0.01119581860390534,
      "best_gnn": "GraphSAGE",
      "best_gnn_mean": 0.34736843407154083,
      "gcn_advantage": -0.06717105209827423,
      "best_gnn_advantage": -0.012565788626670849,
      "actual_winner": "MLP",
      "spi_prediction": "MLP",
      "prediction_correct": true
    },
    {
      "dataset": "Chameleon",
      "n_nodes": 2277,
      "n_edges": 36101,
      "n_classes": 5,
      "n_features": 2325,
      "homophily": 0.23500734567642212,
      "spi": 0.5299853086471558,
      "mlp_mean": 0.5171052724123001,
      "mlp_std": 0.02307951817621241,
      "mlp_ci_low": 0.4997021066264533,
      "mlp_ci_high": 0.5345084381981469,
      "gcn_mean": 0.3736842185258865,
      "gcn_std": 0.02506532016128723,
      "gat_mean": 0.46030701994895934,
      "gat_std": 0.021895813566189946,
      "graphsage_mean": 0.5243421107530594,
      "graphsage_std": 0.020061892102836258,
      "best_gnn": "GraphSAGE",
      "best_gnn_mean": 0.5243421107530594,
      "gcn_advantage": -0.14342105388641357,
      "best_gnn_advantage": 0.007236838340759277,
      "actual_winner": "Tie",
      "spi_prediction": "MLP",
      "prediction_correct": true
    },
    {
      "dataset": "Squirrel",
      "n_nodes": 5201,
      "n_edges": 217073,
      "n_classes": 5,
      "n_features": 2089,
      "homophily": 0.2239430993795395,
      "spi": 0.552113801240921,
      "mlp_mean": 0.342459163069725,
      "mlp_std": 0.010366183257175048,
      "mlp_ci_low": 0.3346425178341661,
      "mlp_ci_high": 0.35027580830528393,
      "gcn_mean": 0.2546589747071266,
      "gcn_std": 0.01762119422910763,
      "gat_mean": 0.2888568609952927,